PAN_Inside:,PAN_Outside:,Ambient_Temp:,Glass_Temp:,Ind_Current:,Mag_Current:,empty_pan,Induction_Power:
27.12,25.46,60.32,14,1,0.41,1,100%
27.39,25.28,53.96,14,109,0.37,1,100%
27.65,25.56,54.36,14,109,0.36,1,100%
27.48,25.75,53.57,15,143,0.35,1,100%
27.48,25.56,18.5,16,173,0.36,1,100%
27.65,26.03,56.83,16,182,0.36,1,100%
27.57,25.84,50.88,17,186,0.36,1,100%
27.83,26.4,53.17,18,188,0.33,1,100%
27.57,25.46,61.23,18,190,0.34,1,100%
27.21,25.75,54.36,19,192,0.37,1,100%
27.74,26.03,54.36,19,192,0.36,1,100%
26.94,25.84,54.36,19,192,0.36,1,100%
27.48,26.21,66,20,191,0.36,1,100%
27.74,25.37,54.36,20,192,0.35,1,100%
27.83,26.3,53.57,21,192,0.37,1,100%
27.3,26.67,54.36,21,191,0.39,1,100%
27.65,26.21,55.58,22,192,0.35,1,100%
27.74,26.21,54.36,22,192,0.36,1,100%
27.83,25.84,52.78,23,192,0.35,1,100%
28.35,26.94,56.83,23,191,0.36,1,100%
28.86,26.76,55.58,24,191,0.37,1,100%
29.28,26.21,55.17,24,192,0.36,1,100%
29.2,27.48,55.17,25,192,0.36,1,100%
29.53,28.69,66.5,26,191,0.35,1,100%
29.94,29.12,62.62,27,192,0.37,1,100%
30.19,28.86,60.32,27,192,0.36,1,100%
30.9,29.86,640.81,28,192,0.36,1,100%
31.22,29.7,56.83,29,191,0.41,1,100%
31.68,30.02,60.77,30,191,0.36,1,100%
31.6,30.98,60.32,30,192,0.35,1,100%
32.8,30.82,68.03,32,192,0.35,1,100%
32.95,32.06,65.51,33,191,0.35,1,100%
32.8,32.51,63.09,34,191,0.37,1,100%
34.43,32.95,70.11,35,192,0.35,1,100%
35.1,33.59,68.03,36,191,0.36,1,100%
35.95,34.36,70.11,37,191,0.38,1,100%
36.2,35.56,72.27,38,191,0.36,1,100%
36.76,36.08,76.79,40,192,0.36,1,100%
37.73,36.95,76.79,41,191,0.34,1,100%
38.87,37.55,75.63,42,191,0.37,1,40%
39.57,38.36,56.83,44,191,0.37,1,40%
40.61,38.42,81.6,45,191,0.37,1,40%
41.2,39.68,86.71,46,174,0.37,1,40%
42.14,40.71,65.51,47,149,0.34,1,40%
42.95,41.39,84.11,47,119,0.35,1,40%
43.63,42.05,90.75,48,102,0.35,1,40%
44.47,42.5,72.27,48,97,0.34,1,40%
45.2,43.29,88.04,49,93,0.35,1,40%
45.96,43.63,113.86,50,89,0.35,1,40%
46.88,44.82,108.02,51,87,0.35,1,40%
47.53,45.35,113.86,53,87,0.36,1,40%
47.99,46.07,119.1,54,87,0.36,1,40%
48.95,46.62,136.15,55,87,0.36,1,40%
49.66,47.4,122.71,57,87,0.35,1,40%
50.34,47.9,124.56,59,87,0.34,1,40%
51.04,48.58,125.49,60,88,0.36,1,40%
51.81,49.17,115.58,62,87,0.38,1,40%
52.38,49.61,143.35,64,87,0.35,1,40%
52.99,50.24,146.54,65,87,0.33,1,40%
53.59,50.7,55.99,67,88,0.35,1,40%
54.31,51.36,175.54,69,87,0.35,1,40%
55.09,51.99,164.58,70,87,0.34,1,40%
55.74,52.38,162.22,72,88,0.35,1,40%
56.4,52.86,162.22,73,87,0.35,1,40%
57.04,53.3,163.4,75,87,0.34,1,40%
57.89,53.89,170.59,77,87,0.36,1,40%
58.66,54.26,180.6,78,87,0.36,1,40%
59.45,54.78,176.79,79,87,0.34,1,40%
60.15,55.24,195.16,81,87,0.37,1,40%
61.18,55.76,184.48,82,87,0.35,1,40%
62.14,56.18,206.34,83,87,0.36,1,40%
62.97,56.69,187.1,85,87,0.36,1,40%
63.98,57.34,215.07,86,87,0.35,1,40%
64.84,57.77,200.69,87,87,0.35,1,40%
66.07,58.4,227.17,88,87,0.34,1,40%
66.99,58.9,225.63,90,87,0.35,1,40%
68.31,59.5,206.34,91,87,0.34,1,40%
69.22,60,183.18,92,87,0.33,1,40%
70.3,60.5,-37.71,93,87,0.36,1,40%
71.18,60.97,221.05,94,87,0.35,1,40%
72.45,61.6,243.06,95,87,0.36,1,40%
73.64,63.23,249.66,96,87,0.35,1,40%
74.51,62.69,266.77,97,87,0.35,1,40%
75.93,63.49,200.69,97,87,0.36,1,40%
76.82,64.07,247.99,98,87,0.36,1,40%
78.08,64.63,253.01,99,87,0.37,1,40%
79.24,65.26,942.78,100,86,0.35,1,40%
80.49,66.07,270.31,101,87,0.38,1,40%
81.59,66.83,281.12,101,87,0.36,1,40%
82.61,67.19,275.67,102,87,0.36,1,40%
83.76,68.07,277.48,103,86,0.33,1,40%
84.59,68.64,268.54,104,87,0.35,1,40%
85.78,69.29,288.52,104,87,0.36,1,40%
86.9,70.19,296.07,105,86,0.35,1,40%
88.02,70.76,342.48,106,87,0.33,1,40%
89.01,71.4,297.98,106,86,0.36,1,40%
89.88,71.98,296.07,107,86,0.34,1,40%
91.03,72.89,315.61,108,86,0.34,1,40%
91.77,73.45,266.77,108,87,0.35,1,40%
92.26,73.83,331.95,109,86,0.35,1,40%
93.84,75.19,319.63,109,86,0.35,1,40%
94.48,75.58,299.9,110,86,0.36,1,40%
95.17,76.24,327.8,110,86,0.35,1,40%
96.16,76.98,321.66,111,86,0.35,1,40%
97.07,77.92,313.61,111,86,0.35,1,40%
97.54,78.24,351.09,112,87,0.35,1,40%
98.51,79.04,344.62,112,86,0.34,1,40%
99.28,79.96,344.62,112,86,0.35,1,40%
99.93,80.49,366.55,113,86,0.34,1,40%
100.24,81.02,375.62,113,86,0.34,1,40%
101.18,81.63,384.85,114,86,0.36,1,40%
101.55,82.04,375.62,114,86,0.36,1,40%
102.37,83.18,371.06,115,86,0.35,1,40%
102.99,83.68,418.52,115,86,0.34,1,40%
103.57,84.34,288.52,115,86,0.35,1,40%
104.15,85.16,389.53,116,86,0.35,1,40%
104.65,85.62,178.05,116,86,0.35,1,40%
105.29,86.32,408.68,117,87,0.36,1,40%
105.78,86.65,375.62,117,87,0.34,1,40%
106.34,87.27,416.04,117,87,0.34,1,40%
106.89,88.23,423.5,118,87,0.34,1,40%
107.4,88.6,446.48,118,87,0.36,1,40%
108.05,89.13,438.72,118,87,0.35,1,40%
108.25,89.51,446.48,119,87,0.35,1,40%
108.79,90.29,329.87,119,87,0.37,1,40%
109.12,90.62,464.98,119,87,0.36,1,40%
109.72,91.36,459.64,120,87,0.35,1,40%
110.14,91.93,459.64,120,87,0.35,1,40%
110.5,92.5,451.71,121,87,0.36,1,40%
111.09,93.19,470.37,121,87,0.35,1,40%
111.6,93.8,464.98,121,87,0.36,1,40%
111.92,94.12,503.69,122,87,0.35,1,40%
112.37,94.81,492.4,122,87,0.35,1,40%
112.82,95.21,162.22,122,87,0.37,1,40%
113.11,95.8,486.82,123,86,0.35,1,40%
113.45,96.36,509.41,123,87,0.35,1,40%
113.96,96.87,512.28,123,87,0.36,1,40%
114.25,97.34,553.82,123,87,0.35,1,40%
114.66,97.77,532.76,124,87,0.34,1,40%
115.1,98.16,2951.76,124,87,0.37,1,40%
115.35,98.78,550.78,124,87,0.35,1,40%
115.82,98.94,556.88,125,87,0.35,1,40%
116.11,99.59,559.95,125,86,0.34,1,40%
116.36,100.09,550.78,125,87,0.36,1,40%
116.87,100.62,581.79,125,86,0.36,1,40%
117.19,100.99,647.62,126,87,0.36,1,40%
117.51,101.4,575.49,126,87,0.36,1,40%
117.96,101.89,614.07,126,87,0.36,1,40%
118.28,102.33,640.81,127,87,0.34,1,40%
118.67,103.07,2683.68,127,87,0.35,1,40%
118.86,103.17,614.07,127,87,0.36,1,40%
119.26,103.57,6.18,127,87,0.34,1,40%
119.46,103.97,877.32,128,87,0.33,1,40%
119.85,104.62,627.33,128,87,0.33,1,40%
120.12,104.72,640.81,128,87,0.35,1,40%
120.66,105.36,682.48,129,87,0.35,1,40%
120.66,105.43,654.49,129,87,0.36,1,40%
121.21,105.99,696.8,129,87,0.33,1,40%
121.21,106.06,718.68,130,87,0.38,1,40%
121.63,106.51,647.62,130,87,0.34,1,40%
121.7,106.61,62.62,130,87,0.34,1,40%
122.41,107.51,779.43,131,87,0.35,1,40%
122.8,107.85,192.44,131,87,0.36,1,40%
123.13,108.25,689.61,131,87,0.35,1,40%
123.35,108.25,24.68,131,87,0.36,1,40%
123.76,108.92,718.68,132,87,0.34,1,40%
123.99,109.25,756.23,132,87,0.34,1,40%
124.07,109.32,726.08,132,87,0.34,1,40%
124.88,109.78,771.64,132,87,0.35,1,40%
124.88,109.91,726.08,133,87,0.36,1,40%
125.23,110.27,894.45,133,87,0.36,1,40%
125.92,110.89,811.15,133,87,0.34,1,40%
126.17,111.09,835.53,134,86,0.35,1,40%
126,111.28,532.76,134,87,0.36,1,40%
126.67,111.67,811.15,134,87,0.34,1,40%
127.27,111.86,2951.76,135,87,0.35,1,40%
127.53,112.31,2255.54,135,87,0.35,1,40%
127.88,112.72,835.53,135,87,0.35,1,40%
128.06,112.88,835.53,135,87,0.34,1,40%
128.51,113.07,403.83,135,87,0.36,1,40%
128.65,113.45,835.53,136,87,0.36,1,40%
129.25,113.61,864.63,136,87,0.36,1,40%
129.35,114.02,847.92,136,87,0.35,1,40%
129.35,114.21,911.82,137,87,0.36,1,40%
130.31,114.59,890.15,137,87,0.36,1,40%
130.17,114.84,885.86,137,87,0.36,1,40%
130.81,115.1,903.1,137,87,0.35,1,40%
130.91,115.16,903.1,138,87,0.37,1,40%
131.42,115.41,903.1,138,87,0.37,1,40%
131.84,115.89,947.26,138,87,0.35,1,40%
132.21,116.2,1040.12,138,87,0.36,1,40%
132.48,116.36,907.45,139,87,0.36,1,40%
132.8,116.77,947.26,139,87,0.35,1,40%
133.64,117.16,894.45,139,87,0.36,1,40%
134.04,117.38,979.06,139,87,0.36,1,40%
134.44,117.76,974.47,139,87,0.38,1,40%
134.85,117.89,1040.12,140,87,0.37,1,40%
135.21,118.18,1064.3,140,87,0.34,1,40%
135.21,118.31,1069.19,140,87,0.37,1,40%
136.07,118.67,1030.56,141,87,0.34,1,40%
136.07,118.8,997.57,141,87,0.35,1,40%
137.08,119.36,1228.54,141,87,0.34,1,40%
137.21,119.32,1083.93,142,87,0.35,1,40%
137.8,119.52,1129.03,142,87,0.36,1,40%
138,119.79,303.77,142,87,0.35,1,40%
137.86,120.05,1069.19,142,87,0.36,1,40%
138.4,120.26,1098.82,143,87,0.34,1,40%
139.22,120.7,1044.92,143,87,0.36,1,40%
140.07,121.07,1069.19,143,87,0.35,1,40%
139.79,121.11,1118.9,143,87,0.36,1,40%
139.5,121.21,1129.03,143,87,0.35,1,40%
140.51,121.77,1129.03,144,87,0.36,1,40%
141.7,122.19,1191.19,144,86,0.37,1,40%
141.85,122.12,1191.19,144,87,0.35,1,40%
141.85,122.26,1180.67,144,86,0.38,1,40%
142,122.69,1113.85,145,87,0.37,1,40%
142.93,122.91,1223.15,145,86,0.36,1,40%
143.41,122.8,1233.94,145,87,0.36,1,40%
143.73,123.21,1233.94,145,86,0.36,1,40%
144.05,123.73,1223.15,146,87,0.36,1,40%
144.55,123.88,1277.75,146,87,0.37,1,40%
144.71,124.33,1255.71,146,87,0.35,1,40%
145.81,124.72,1207.1,146,87,0.36,1,40%
146.59,124.72,1129.03,147,87,0.36,1,40%
147.04,125.11,1311.32,147,87,0.36,1,40%
146.77,125.15,451.71,147,87,0.37,1,40%
148.03,125.84,1322.64,148,86,0.36,1,40%
148.4,125.84,1357.03,148,87,0.34,1,40%
148.77,126,1681.58,148,86,0.37,1,40%
148.95,126.25,1415.71,148,87,0.36,1,40%
148.77,126.21,1255.71,148,86,0.36,1,40%
150.1,127.05,1233.94,148,87,0.35,1,40%
151.17,127.48,1451.76,149,86,0.36,1,40%
150.88,127.22,1409.77,149,87,0.37,1,40%
151.88,127.93,1470.02,149,87,0.36,1,40%
152.9,127.97,1451.76,149,86,0.37,1,40%
153.11,128.06,1476.15,150,86,0.35,1,40%
152.69,128.51,1470.02,150,86,0.36,1,40%
153.53,128.65,1488.44,150,87,0.36,1,40%
154.38,128.79,1494.62,150,87,0.36,1,40%
24.12,22.92,63.57,13,112,0.34,0,
24.8,23.72,86.71,14,150,0.34,0,
25.08,24.02,70.11,15,175,0.34,0,
23.82,23.12,62.15,16,178,0.35,0,
23.82,23.82,85.4,16,181,0.34,0,
24.12,23.32,-20.39,17,185,0.35,0,
23.32,22.92,60.32,17,188,0.33,0,
24.51,23.92,57.26,17,189,0.33,0,
25.18,23.32,18.69,18,189,0.35,0,
24.8,22.71,67.01,18,189,0.36,0,
23.82,23.72,43.7,18,189,0.34,0,
24.89,24.31,63.09,18,189,0.35,0,
25.18,24.12,68.03,19,189,0.37,0,
25.18,24.31,62.62,19,189,0.36,0,
25.28,24.6,70.11,19,189,0.35,0,
25.46,23.12,56.41,19,188,0.35,0,
25.46,23.62,67.51,19,189,0.35,0,
25.56,24.7,66.5,19,188,0.37,0,
25.46,23.12,62.15,19,188,0.35,0,
25.56,23.22,67.01,19,189,0.33,0,
25.65,23.22,53.57,19,189,0.35,0,
24.8,24.12,66,19,189,0.34,0,
25.46,25.18,86.71,20,189,0.37,0,
25.65,25.46,38.99,20,189,0.36,0,
26.76,25.75,125.49,20,189,0.35,0,
27.12,25.37,67.01,20,189,0.34,0,
26.12,25.56,60.77,20,189,0.37,0,
27.48,24.51,66,20,189,0.36,0,
28.35,26.76,59.87,20,189,0.34,0,
26.94,25.75,115.58,20,189,0.36,0,
28.69,26.94,66,20,189,0.34,0,
28.35,26.76,53.57,20,189,0.35,0,
28.61,26.94,66.5,20,189,0.36,0,
29.2,26.03,62.62,20,188,0.35,0,
29.12,26.4,65.51,20,188,0.35,0,
30.51,27.83,63.09,20,178,0.36,0,
30.82,27.92,60.77,20,152,0.36,0,
31.29,27.92,67.01,19,125,0.36,0,
31.37,28.61,66.5,19,162,0.34,0,
31.14,27.12,62.62,19,173,0.37,0,
32.51,29.03,49.78,19,177,0.36,0,
32.8,28.35,66,20,182,0.36,0,
33.38,29.53,65.51,20,184,0.35,0,
33.38,28.52,67.01,20,188,0.36,0,
34.08,28.78,67.01,20,190,0.35,0,
33.87,29.86,67.51,20,190,0.34,0,
34.63,29.86,24.68,20,190,0.35,0,
35.04,30.35,65.51,21,190,0.36,0,
35.5,30.75,69.06,21,190,0.36,0,
35.69,30.82,48.35,21,189,0.35,0,
36.2,30.98,70.11,21,189,0.35,0,
36.52,31.29,67.01,21,190,0.35,0,
36.83,31.6,70.11,21,190,0.35,0,
37.73,31.29,61.23,21,190,0.35,0,
37.9,31.83,67.01,21,190,0.33,0,
38.36,32.21,71.18,21,190,0.35,0,
38.7,32.43,158.75,21,190,0.34,0,
38.92,32.36,70.11,21,190,0.36,0,
39.46,33.66,69.58,21,190,0.35,0,
39.73,33.8,69.06,21,190,0.34,0,
39.68,33.66,157.6,21,190,0.34,0,
40.71,34.7,60.32,22,190,0.34,0,
41.15,33.52,76.79,21,190,0.35,0,
41.63,35.3,74.49,22,190,0.36,0,
41.3,35.17,70.11,22,190,0.37,0,
41.96,34.77,80.36,22,190,0.37,0,
42.37,34.63,162.22,22,190,0.35,0,
42.95,35.43,61.23,22,190,0.35,0,
42.77,36.14,68.54,22,190,0.35,0,
43.54,36.7,84.11,22,190,0.35,0,
44.08,36.89,75.63,22,190,0.36,0,
44.44,37.01,79.15,22,190,0.36,0,
44.75,36.76,140.23,22,190,0.35,0,
45.16,36.95,87.37,22,190,0.34,0,
45.28,38.02,79.76,22,190,0.34,0,
45.89,38.64,96.44,22,190,0.37,0,
45.93,38.64,96.44,22,190,0.35,0,
46.35,38.7,100.92,22,190,0.35,0,
46.95,39.03,102.46,22,190,0.35,0,
47.14,39.46,102.46,22,190,0.37,0,
47.4,39.68,89.39,22,189,0.33,0,
47.59,40.2,112.16,23,189,0.35,0,
48.11,40.51,120.89,23,189,0.34,0,
48.43,41,131.21,23,190,0.34,0,
48.72,41.15,129.28,23,189,0.35,0,
48.95,41.39,120.89,23,190,0.36,0,
49.09,41.63,126.43,23,189,0.35,0,
49.39,41.72,144.41,23,189,0.36,0,
49.66,42,148.69,23,190,0.35,0,
49.72,41.77,159.9,23,190,0.35,0,
50.19,42.64,164.58,23,189,0.34,0,
50.42,42.41,171.82,23,189,0.36,0,
50.75,43.12,176.79,23,189,0.35,0,
50.94,43.12,178.05,23,190,0.36,0,
51.33,43.5,140.23,23,189,0.37,0,
51.66,43.46,195.16,24,190,0.35,0,
51.97,44.16,209.22,23,190,0.36,0,
52.15,44.44,207.78,23,189,0.35,0,
52.45,44.59,206.34,23,190,0.35,0,
52.77,44.82,206.34,24,189,0.36,0,
52.99,44.82,249.66,23,189,0.34,0,
53.28,45.24,251.33,24,190,0.36,0,
53.52,45.5,266.77,24,190,0.35,0,
53.78,45.71,270.31,24,190,0.34,0,
53.94,45.89,277.48,24,190,0.34,0,
54.13,46.35,284.8,24,190,0.36,0,
54.35,46.48,319.63,24,190,0.36,0,
54.85,46.58,327.8,24,190,0.37,0,
55.07,46.75,323.7,24,190,0.35,0,
55.24,47.05,340.35,24,189,0.35,0,
55.52,47.43,315.61,24,190,0.36,0,
55.98,47.4,384.85,24,190,0.35,0,
56,47.71,1021.05,24,190,0.37,0,
56.44,48.32,389.53,24,190,0.34,0,
56.6,48.35,418.52,24,190,0.35,0,
57.02,48.35,428.53,24,190,0.36,0,
57.34,48.75,451.71,24,190,0.33,0,
57.41,48.95,467.67,24,190,0.34,0,
57.86,48.95,503.69,24,190,0.37,0,
58.07,49.28,532.76,25,190,0.35,0,
58.49,49.77,544.72,25,190,0.36,0,
58.9,50.14,588.15,25,190,0.36,0,
58.68,50.19,594.55,25,190,0.33,0,
59.16,50.27,696.8,25,190,0.36,0,
59.67,50.7,575.49,25,190,0.35,0,
60,50.55,594.55,25,190,0.35,0,
60.2,50.97,668.38,25,190,0.36,0,
60.5,51.07,711.33,25,190,0.35,0,
60.89,51.33,763.91,25,189,0.37,0,
61.2,51.48,787.27,25,190,0.36,0,
61.44,51.64,787.27,25,190,0.35,0,
61.76,51.81,823.27,25,190,0.35,0,
61.95,52.08,852.07,25,189,0.38,0,
62.36,52.2,877.32,25,189,0.34,0,
62.75,52.5,947.26,25,190,0.35,0,
63,52.5,1093.84,25,190,0.37,0,
63.37,52.81,1149.49,25,190,0.36,0,
63.6,52.95,1064.3,25,190,0.36,0,
64.3,52.99,1040.12,26,190,0.36,0,
64.78,53.41,1233.94,26,190,0.34,0,
65.26,53.61,1266.7,26,190,0.37,0,
65.45,53.7,1283.31,26,190,0.36,0,
65.95,53.87,1368.63,26,190,0.36,0,
66.61,54.05,1403.84,26,190,0.37,0,
67.06,54.35,1488.44,26,190,0.34,0,
67.35,54.18,1476.15,26,190,0.35,0,
67.48,54.52,1668.19,26,190,0.35,0,
68.01,54.87,1763.47,26,190,0.36,0,
68.54,55.04,1756.54,26,190,0.36,0,
69.02,55.17,1826.68,26,190,0.36,0,
69.53,55.35,1876.91,26,190,0.35,0,
69.81,55.59,1906.04,26,190,0.35,0,
70.26,55.91,1987.74,26,190,0.36,0,
70.93,55.74,2071.84,26,190,0.38,0,
71.44,56.33,2087.39,26,190,0.37,0,
71.44,56.33,2198.49,26,190,0.35,0,
72.53,56.66,1848.09,27,190,0.37,0,
73.01,56.95,2381.2,27,190,0.36,0,
73.01,57.02,2432.78,27,190,0.36,0,
73.53,57.07,2432.78,27,190,0.37,0,
74.73,57.41,2815.53,27,190,0.37,0,
75.31,57.84,2971.58,27,190,0.35,0,
75.89,57.56,3174.82,27,190,0.35,0,
76.39,57.84,3409.14,27,190,0.35,0,
76.47,58.21,3700.94,27,190,0.35,0,
77.49,58.87,3805.79,27,190,0.37,0,
77.73,58.97,4157.36,27,190,0.35,0,
78.6,59.18,4451.42,27,190,0.35,0,
79.2,59.62,4691.19,27,190,0.38,0,
79.92,60,5124.4,27,190,0.38,0,
80.49,60.27,5477.85,27,190,0.37,0,
81.14,60.89,4543.65,27,190,0.37,0,
81.87,61.33,5942.43,27,190,0.38,0,
81.83,61.71,6399.46,27,190,0.37,0,
83.14,61.82,6879.68,28,190,0.35,0,
83.8,63.03,7291.92,27,190,0.36,0,
83.68,63.17,7835.07,28,190,0.36,0,
84.71,63.66,8126.44,28,190,0.37,0,
85.12,64.36,8546.51,28,190,0.36,0,
85.33,64.78,9214.4,28,190,0.37,0,
85.99,65.23,9849.29,28,190,0.37,0,
86.2,65.85,10606.86,28,190,0.38,0,
86.78,66.58,10939.77,28,190,0.36,0,
87.15,67.12,11726.96,28,190,0.36,0,
87.81,67.61,12031.71,28,190,0.35,0,
87.89,68.41,12683.63,28,190,0.34,0,
88.23,69.09,12870.33,28,190,0.35,0,
89.13,70.12,14114.88,28,190,0.36,0,
89.22,70.69,13085.96,28,190,0.36,0,
89.88,71.26,14257.96,28,190,0.36,0,
90.29,71.76,14899.1,28,190,0.36,0,
90.58,72.12,15256.84,28,190,0.36,0,
90.91,73.45,15742.74,28,190,0.36,0,
91.11,74.24,16051.64,28,190,0.36,0,
91.52,74.89,16396.11,28,190,0.36,0,
91.72,75.65,18193.11,28,190,0.34,0,
91.93,76.66,17132.34,28,190,0.37,0,
92.42,77.84,17426.37,28,190,0.35,0,
92.58,78.48,18430.88,29,190,0.36,0,
93.23,78.48,18843.33,29,190,0.36,0,
93.03,80.13,19297.09,29,190,0.35,0,
93.72,79.96,19651.08,29,190,0.37,0,
94.12,80.69,20445.15,29,190,0.38,0,
94.24,82.36,20739.15,29,190,0.37,0,
94.44,83.1,19973.38,29,190,0.37,0,
94.77,83.76,21411,29,190,0.34,0,
94.93,84.34,20518.38,29,190,0.36,0,
94.6,83.72,21981.9,29,190,0.36,0,
95.49,85.49,21335.64,29,190,0.37,0,
95.64,85.78,22329.3,29,190,0.35,0,
95.68,86.32,21866.91,29,190,0.36,0,
95.84,86.49,24039.94,29,190,0.35,0,
95.8,86.98,24408.76,29,190,0.36,0,
96.28,87.65,24244.38,29,189,0.34,0,
96.44,87.89,25073.77,29,189,0.35,0,
96.83,88.27,25157.74,29,190,0.35,0,
96.91,88.56,25665.52,29,189,0.36,0,
96.99,88.72,26223.32,29,190,0.36,0,
97.15,88.97,25665.52,29,191,0.37,0,
97.27,89.22,26701.61,30,190,0.36,0,
97.5,89.55,27053.09,30,190,0.36,0,
97.54,89.96,20445.15,30,191,0.37,0,
97.77,90.25,27675.64,30,191,0.37,0,
98.09,90.45,28307.71,30,191,0.37,0,
98.16,90.7,27765.35,30,191,0.35,0,
98.32,90.95,27900.28,30,191,0.36,0,
98.32,91.19,28581.53,30,191,0.35,0,
98.55,91.19,28673.19,30,191,0.35,0,
98.63,91.23,28490.06,30,191,0.35,0,
98.75,91.36,29227.33,30,191,0.35,0,
98.82,91.68,29320.38,30,191,0.36,0,
98.9,91.6,29507.07,30,191,0.36,0,
98.98,91.77,29882.83,30,191,0.37,0,
99.02,92.26,29694.55,30,191,0.35,0,
98.86,92.34,30024.57,30,191,0.36,0,
99.32,92.58,28949.37,31,191,0.37,0,
99.36,92.58,29882.83,30,191,0.34,0,
99.51,92.99,29930.03,31,191,0.37,0,
99.25,93.03,30932.7,31,191,0.36,0,
99.63,92.5,32254.57,31,191,0.35,0,
99.4,93.15,31077.75,31,191,0.37,0,
99.55,93.31,31223.25,31,191,0.36,0,
99.4,93.23,31029.35,31,191,0.37,0,
99.78,93.48,30548.12,31,191,0.36,0,
99.78,93.64,31223.25,31,191,0.37,0,
99.86,93.48,30884.45,31,191,0.35,0,
99.82,93.48,31223.25,31,191,0.36,0,
99.63,93.48,30643.96,31,191,0.35,0,
100.16,93.48,31417.96,31,191,0.36,0,
100.16,93.96,31223.25,31,191,0.36,0,
100.09,94.2,30740,31,191,0.37,0,
99.86,94.2,31662.49,31,191,0.36,0,
100.16,93.64,32304.24,31,191,0.35,0,
100.16,94.2,31320.51,31,191,0.36,0,
100.43,94.48,33308.46,31,191,0.38,0,
100.62,93.8,31809.82,32,191,0.38,0,
99.93,94.28,32105.87,31,191,0.38,0,
100.24,94.56,32703.46,31,191,0.37,0,
100.09,94.48,32904.3,31,191,0.35,0,
100.62,94.6,26483.49,32,191,0.37,0,
100.16,93.6,32105.87,32,191,0.37,0,
100.46,94.85,31369.21,32,191,0.37,0,
100.16,94.6,32854.01,32,191,0.37,0,
100.77,94.28,32503.44,32,191,0.36,0,
100.8,94.4,32703.46,32,191,0.36,0,
100.62,94.93,31809.82,32,191,0.38,0,
100.62,95.09,32803.77,32,191,0.36,0,
100.99,95.17,32803.77,32,191,0.37,0,
100.24,94.44,33105.97,32,191,0.37,0,
100.65,95.09,32254.57,32,191,0.37,0,
100.99,94.44,33005.04,32,191,0.38,0,
100.99,94.77,32904.3,32,191,0.37,0,
100.99,94.81,33005.04,32,191,0.36,0,
100.95,95.01,32703.46,32,191,0.36,0,
100.8,95.09,32304.24,32,191,0.35,0,
100.77,95.17,32904.3,32,191,0.35,0,
100.92,94.93,33257.75,32,191,0.36,0,
100.65,95.09,32304.24,32,191,0.35,0,
100.16,94.6,33715.92,32,191,0.35,0,
101.07,95.64,33005.04,32,191,0.39,0,
100.77,95.13,32105.87,32,191,0.36,0,
101.18,95.84,32254.57,32,191,0.37,0,
101.14,95.8,32503.44,32,191,0.35,0,
101.14,94.89,33105.97,32,191,0.36,0,
101.18,95.09,33207.11,33,191,0.36,0,
101.22,95.76,32603.34,33,191,0.36,0,
101.07,95.64,33308.46,33,191,0.38,0,
101.14,95.57,33207.11,33,191,0.36,0,
101.1,95.57,33257.75,33,191,0.37,0,
101.18,95.61,33308.46,33,191,0.37,0,
100.99,95.8,33613.74,33,191,0.36,0,
101.22,95.76,32803.77,33,191,0.35,0,
101.29,95.8,32503.44,33,191,0.37,0,
100.77,95.64,33715.92,33,191,0.36,0,
101.33,96.24,32753.59,33,191,0.35,0,
101.37,95.64,33613.74,33,191,0.37,0,
101.07,96.12,33664.8,33,191,0.37,0,
100.73,95.72,33818.3,33,191,0.38,0,
100.8,96.04,33869.58,33,191,0.39,0,
101.22,96.2,32904.3,33,191,0.37,0,
101.07,96.16,33005.04,33,191,0.35,0,
101.33,95.64,34075.19,33,191,0.35,0,
101.14,95.72,33818.3,33,191,0.38,0,
101.37,96.2,33207.11,33,191,0.36,0,
101.07,96.2,34023.71,33,191,0.38,0,
101.37,95.96,37865.01,33,191,0.39,0,
101.29,96.08,33613.74,33,191,0.38,0,
101.14,96.12,33664.8,34,191,0.36,0,
101.22,96.08,33869.58,34,191,0.35,0,
101.1,96.36,33869.58,34,191,0.36,0,
101.44,95.88,33715.92,34,191,0.37,0,
101.33,96.12,33869.58,34,191,0.36,0,
101.4,95.8,33972.28,34,191,0.36,0,
101.29,95.96,32803.77,34,191,0.36,0,
100.99,96.2,33972.28,34,191,0.37,0,
100.99,96.44,36123.79,34,191,0.37,0,
101.03,96.44,34075.19,34,191,0.38,0,
101.37,95.76,33920.91,34,191,0.38,0,
101.59,95.8,34023.71,34,191,0.37,0,
101.14,96.28,34853.64,34,191,0.36,0,
101.67,96.36,32854.01,34,191,0.39,0,
101.1,96.52,34126.72,34,191,0.36,0,
101.22,96.4,33920.91,34,191,0.35,0,
101.29,96.44,33308.46,34,191,0.37,0,
101.29,96.44,23674.88,34,191,0.37,0,
101.37,96.44,33869.58,34,191,0.37,0,
101.37,96.44,33818.3,35,191,0.38,0,
101.52,96.24,34023.71,34,191,0.37,0,
101.4,96.68,34023.71,35,191,0.37,0,
101.44,96.36,33308.46,35,191,0.35,0,
101.37,96.79,33207.11,35,191,0.37,0,
101.63,96.99,33207.11,35,191,0.38,0,
101.22,96.87,34229.94,35,191,0.36,0,
101.67,96.24,34023.71,35,191,0.37,0,
101.18,96.4,34023.71,35,191,0.37,0,
101.59,96.83,33818.3,35,191,0.36,0,
100.99,96.2,32703.46,35,191,0.38,0,
101.59,96.68,34023.71,35,191,0.4,0,
101.25,96.28,33359.21,35,190,0.36,0,
101.52,96.68,34023.71,35,190,0.37,0,
101.25,96.87,34644.9,35,191,0.34,0,
101.52,96.87,34437,35,190,0.36,0,
101.22,96.44,34385.16,35,190,0.37,0,
101.33,96.91,32304.24,35,190,0.36,0,
101.67,96.68,33767.09,35,191,0.37,0,
101.67,96.28,34437,35,191,0.37,0,
101.22,96.83,35010.75,35,191,0.38,0,
101.33,96.99,33818.3,35,191,0.39,0,
101.63,96.75,34075.19,35,191,0.35,0,
101.44,96.87,35750.18,35,191,0.36,0,
101.1,96.48,33257.75,35,191,0.35,0,
101.22,96.91,34126.72,35,191,0.36,0,
101.59,97.15,34229.94,35,191,0.35,0,
101.63,96.75,33055.47,35,191,0.36,0,
101.63,97.38,34229.94,36,191,0.38,0,
101.1,96.99,34644.9,35,191,0.38,0,
101.74,96.44,34749.16,36,191,0.37,0,
101.22,97.15,34229.94,36,191,0.36,0,
101.55,96.91,34644.9,36,191,0.37,0,
101.14,97.15,36446.1,36,191,0.37,0,
101.7,96.99,34540.84,36,191,0.36,0,
101.67,97.03,34023.71,36,191,0.35,0,
101.63,97.03,34229.94,36,191,0.35,0,
101.67,96.87,34853.64,36,191,0.36,0,
101.29,97.15,35379.17,36,191,0.35,0,
101.33,97.15,36553.96,36,191,0.36,0,
101.14,96.91,34126.72,36,191,0.34,0,
101.74,97.54,33818.3,36,191,0.37,0,
101.67,97.46,33715.92,36,191,0.37,0,
101.33,97.15,35063.23,36,191,0.36,0,
101.67,96.95,34697.01,36,191,0.37,0,
101.67,96.91,34644.9,36,191,0.36,0,
101.59,97.31,34749.16,36,191,0.36,0,
101.63,97.31,34437,36,191,0.36,0,
101.74,97.46,34075.19,37,191,0.37,0,
101.18,96.99,34905.95,36,191,0.36,0,
101.63,97.46,35379.17,36,191,0.37,0,
101.74,97.07,33767.09,37,191,0.37,0,
101.74,96.99,33055.47,36,191,0.36,0,
101.74,97.38,34853.64,36,191,0.36,0,
101.67,97.23,34540.84,37,191,0.37,0,
101.22,97.15,35063.23,37,191,0.37,0,
101.59,97.38,34540.84,37,191,0.37,0,
101.37,97.15,34853.64,37,191,0.36,0,
101.85,97.15,33818.3,37,191,0.37,0,
101.37,97.54,35063.23,37,191,0.37,0,
101.37,97.54,34644.9,37,191,0.37,0,
101.67,97.46,34644.9,37,191,0.37,0,
101.67,97.31,33818.3,37,191,0.35,0,
101.7,97.7,33105.97,37,191,0.39,0,
101.7,97.66,34644.9,37,191,0.36,0,
101.37,97.54,34905.95,37,191,0.36,0,
101.63,97.5,34333.36,37,191,0.34,0,
101.59,97.38,34853.64,37,191,0.37,0,
101.25,97.38,35063.23,37,191,0.36,0,
101.7,97.54,35432.02,37,191,0.37,0,
101.33,97.46,34126.72,37,191,0.38,0,
101.67,97.5,34644.9,37,191,0.34,0,
101.78,97.7,34437,37,191,0.36,0,
101.7,97.66,34958.33,37,191,0.37,0,
101.78,97.03,34905.95,37,191,0.38,0,
101.55,97.54,34697.01,37,190,0.36,0,
101.74,97.54,34801.38,37,191,0.38,0,
101.03,96.79,34229.94,37,190,0.38,0,
101.59,97.7,35803.39,37,191,0.37,0,
101.78,97.46,36123.79,37,191,0.39,0,
101.89,98.16,34488.9,37,191,0.38,0,
101.4,97.42,35063.23,37,191,0.37,0,
101.74,97.46,33715.92,37,191,0.36,0,
101.74,97.66,35590.86,38,191,0.35,0,
101.74,97.7,34697.01,38,191,0.35,0,
101.78,97.38,34958.33,38,191,0.36,0,
101.74,97.58,34958.33,38,191,0.36,0,
101.89,98.24,34749.16,38,191,0.36,0,
101.81,98.16,33869.58,38,191,0.36,0,
101.63,98.09,34749.16,38,191,0.37,0,
101.67,97.62,35063.23,38,191,0.38,0,
101.59,97.7,35063.23,38,191,0.37,0,
101.29,97.31,32753.59,38,191,0.36,0,
101.81,98.16,34540.84,38,191,0.36,0,
101.78,97.66,34385.16,38,191,0.37,0,
101.89,98.16,35856.66,38,191,0.35,0,
101.81,98.09,34437,38,191,0.38,0,
101.85,97.46,34853.64,38,191,0.37,0,
101.89,98.24,35063.23,38,191,0.37,0,
101.29,97.5,35750.18,38,191,0.38,0,
101.81,97.46,34801.38,38,191,0.37,0,
101.63,98.01,35590.86,38,191,0.36,0,
101.67,97.97,35010.75,38,191,0.36,0,
101.78,97.58,34853.64,38,191,0.38,0,
101.81,96.91,34958.33,38,191,0.35,0,
101.74,98.13,35803.39,38,191,0.38,0,
101.59,98.24,35432.02,38,191,0.37,0,
101.74,97.62,35697.02,38,191,0.36,0,
101.81,98.16,35537.86,39,191,0.37,0,
101.63,98.01,35063.23,38,191,0.37,0,
101.67,98.13,34749.16,38,191,0.37,0,
101.78,98.16,36123.79,39,191,0.37,0,
101.78,98.16,47033.53,39,191,0.36,0,
101.74,98.55,34697.01,39,191,0.38,0,
101.85,98.4,34644.9,39,191,0.34,0,
101.81,98.09,35590.86,39,191,0.37,0,
101.81,97.7,35010.75,39,191,0.38,0,
101.78,98.09,35537.86,39,191,0.35,0,
101.81,98.09,35537.86,39,191,0.37,0,
101.78,97.7,33920.91,39,191,0.36,0,
101.81,97.7,35484.91,39,191,0.37,0,
101.89,98.32,34853.64,39,191,0.37,0,
101.81,98.24,34749.16,39,191,0.37,0,
101.59,97.46,36123.79,39,191,0.36,0,
101.7,97.42,34905.95,39,191,0.36,0,
101.81,98.28,34853.64,39,191,0.38,0,
101.78,97.7,35537.86,39,191,0.35,0,
101.78,98.09,35484.91,39,191,0.36,0,
101.74,98.09,35326.38,39,191,0.38,0,
101.81,98.16,35063.23,39,191,0.36,0,
101.55,98.09,35803.39,39,191,0.36,0,
101.74,97.54,35803.39,39,191,0.36,0,
101.59,97.5,36123.79,39,191,0.37,0,
101.93,97.54,35590.86,39,191,0.35,0,
101.89,98.55,35909.98,39,191,0.38,0,
101.89,98.47,34697.01,39,190,0.38,0,
101.85,97.7,35590.86,39,191,0.37,0,
101.74,98.13,36016.79,39,191,0.36,0,
101.74,98.09,35697.02,39,191,0.36,0,
101.78,98.2,35484.91,39,191,0.34,0,
101.59,97.7,35909.98,39,191,0.37,0,
101.52,97.7,34437,40,191,0.38,0,
101.89,97.46,35590.86,40,191,0.34,0,
101.78,98.55,34853.64,40,191,0.36,0,
101.55,98.28,36446.1,40,191,0.37,0,
101.78,98.24,35590.86,40,191,0.37,0,
101.78,98.32,35063.23,40,192,0.38,0,
101.63,98.24,35484.91,40,192,0.36,0,
101.81,98.24,35750.18,40,192,0.37,0,
101.74,98.09,35697.02,40,192,0.36,0,
101.78,98.24,35379.17,40,192,0.36,0,
101.59,98.16,35856.66,40,192,0.37,0,
101.93,98.01,36338.45,40,192,0.36,0,
101.74,98.28,35379.17,40,192,0.36,0,
101.67,98.16,36123.79,40,192,0.35,0,
101.7,98.24,36392.25,40,192,0.36,0,
101.81,97.97,34853.64,40,191,0.36,0,
101.85,98.01,36070.26,40,191,0.36,0,
101.78,98.01,35803.39,40,192,0.38,0,
101.78,97.7,34853.64,40,192,0.37,0,
101.33,98.01,35803.39,40,192,0.37,0,
101.96,98.63,36231.02,40,192,0.36,0,
101.96,98.13,35484.91,40,192,0.37,0,
101.37,98.09,35750.18,40,191,0.37,0,
101.93,98.16,35484.91,40,191,0.36,0,
101.78,98.55,37260.28,40,191,0.38,0,
101.93,98.2,35909.98,40,191,0.38,0,
101.96,98.71,36016.79,40,191,0.39,0,
101.89,97.7,35697.02,40,191,0.37,0,
101.67,98.4,35697.02,40,191,0.37,0,
101.74,98.01,35803.39,40,191,0.38,0,
101.93,97.7,35273.64,40,191,0.36,0,
101.89,97.77,35063.23,41,192,0.36,0,
101.81,98.24,35750.18,41,192,0.37,0,
101.74,98.16,35697.02,41,191,0.38,0,
101.22,97.77,37205.62,41,191,0.37,0,
101.44,97.74,35856.66,41,191,0.36,0,
101.29,98.55,36231.02,41,191,0.38,0,
101.59,98.55,37809.77,41,191,0.37,0,
101.67,98.32,36177.37,41,191,0.38,0,
101.74,98.36,35803.39,41,191,0.36,0,
101.67,98.4,36123.79,41,191,0.37,0,
101.93,98.55,34126.72,41,192,0.39,0,
101.93,97.77,34958.33,41,192,0.37,0,
101.74,98.24,36338.45,41,192,0.35,0,
101.78,98.71,40580.81,41,191,0.36,0,
101.89,98.16,36231.02,41,191,0.38,0,
101.74,98.36,36177.37,41,191,0.38,0,
101.78,98.51,36662.03,41,192,0.38,0,
101.93,98.16,35379.17,41,191,0.37,0,
101.74,98.59,36446.1,41,191,0.38,0,
101.96,98.71,35537.86,41,191,0.38,0,
101.44,98.4,36500,41,191,0.37,0,
101.52,98.13,36177.37,41,191,0.37,0,
101.55,98.75,35590.86,41,191,0.36,0,
101.96,98.78,35590.86,41,191,0.37,0,
101.59,98.55,36123.79,41,191,0.36,0,
101.44,97.77,36177.37,41,192,0.38,0,
101.33,98.32,36392.25,41,191,0.35,0,
101.78,98.01,35484.91,41,192,0.36,0,
101.93,98.63,35909.98,42,192,0.36,0,
101.74,98.55,36231.02,42,192,0.35,0,
101.74,98.55,36123.79,42,192,0.36,0,
101.59,98.55,36338.45,42,192,0.36,0,
101.93,98.78,35643.91,42,192,0.36,0,
101.81,98.71,36231.02,42,192,0.37,0,
102.04,98.13,35803.39,42,192,0.37,0,
101.96,98.09,35697.02,42,192,0.37,0,
101.67,98.78,35750.18,42,192,0.39,0,
101.67,98.67,36500,42,192,0.37,0,
101.96,98.63,36016.79,42,192,0.37,0,
101.89,98.16,36553.96,42,192,0.39,0,
101.93,98.63,36231.02,42,192,0.38,0,
101.78,98.59,35856.66,42,192,0.38,0,
101.81,98.59,36016.79,42,192,0.36,0,
101.85,98.32,36123.79,42,192,0.37,0,
101.93,98.75,36446.1,42,192,0.37,0,
101.96,98.86,35643.91,42,192,0.37,0,
101.81,97.7,36553.96,42,192,0.35,0,
101.59,98.59,34749.16,42,192,0.36,0,
101.96,98.24,36607.97,42,192,0.37,0,
101.96,98.24,35750.18,42,191,0.38,0,
101.96,98.05,36123.79,42,192,0.36,0,
102,98.94,35750.18,42,192,0.37,0,
102,98.9,35484.91,42,192,0.36,0,
101.85,98.78,35750.18,42,191,0.37,0,
101.89,98.36,40234.43,42,192,0.38,0,
101.74,98.55,36446.1,42,192,0.37,0,
101.67,98.75,37865.01,42,192,0.36,0,
102.04,98.28,37096.48,42,191,0.37,0,
101.7,98.32,34958.33,42,192,0.38,0,
101.59,98.75,36662.03,43,191,0.37,0,
101.96,98.63,36446.1,43,192,0.37,0,
101.96,98.13,36392.25,42,192,0.37,0,
101.93,98.86,36284.7,42,192,0.36,0,
101.89,98.16,36338.45,43,192,0.36,0,
101.67,98.75,40119.41,43,192,0.38,0,
101.7,98.63,36392.25,43,192,0.37,0,
101.81,98.63,36662.03,43,192,0.37,0,
101.78,98.63,36446.1,43,192,0.36,0,
101.93,98.86,38420.45,43,192,0.38,0,
101.93,98.24,36177.37,43,192,0.36,0,
101.55,98.75,36392.25,43,192,0.38,0,
102.04,98.55,35697.02,43,192,0.38,0,
101.67,98.05,36770.32,43,192,0.37,0,
102.04,98.13,36231.02,43,192,0.37,0,
101.78,98.32,36662.03,43,192,0.37,0,
102.04,98.24,42701.07,43,192,0.37,0,
101.96,98.16,36446.1,43,192,0.37,0,
101.67,98.71,35909.98,43,192,0.37,0,
101.78,98.59,36016.79,43,192,0.38,0,
101.74,98.75,35697.02,43,192,0.37,0,
101.74,98.55,36338.45,43,192,0.37,0,
101.74,98.71,36553.96,43,192,0.37,0,
101.96,98.32,36123.79,43,192,0.4,0,
102,98.63,35856.66,43,192,0.38,0,
101.74,98.86,36446.1,43,192,0.37,0,
102.04,98.13,36392.25,43,192,0.36,0,
101.74,98.86,36662.03,43,192,0.38,0,
101.89,98.47,36607.97,43,192,0.37,0,
101.93,98.86,34697.01,43,192,0.37,0,
101.89,98.82,36446.1,43,192,0.38,0,
101.85,98.63,36338.45,44,192,0.39,0,
101.85,98.71,36338.45,44,192,0.38,0,
101.89,98.86,36553.96,43,192,0.39,0,
101.96,98.94,36338.45,44,192,0.36,0,
101.89,98.94,36123.79,44,192,0.36,0,
102,98.94,36446.1,44,192,0.36,0,
101.22,97.77,36662.03,44,192,0.37,0,
101.78,98.86,36824.54,44,192,0.38,0,
102.04,98.63,33562.73,44,192,0.38,0,
102,98.78,36338.45,44,192,0.37,0,
101.93,99.02,37260.28,44,192,0.39,0,
101.93,99.02,40349.66,44,192,0.38,0,
101.74,98.78,36553.96,44,191,0.39,0,
101.85,98.78,36446.1,44,192,0.36,0,
101.81,98.86,36177.37,44,192,0.38,0,
101.59,98.98,36770.32,44,192,0.37,0,
101.74,98.86,38981.3,44,192,0.38,0,
101.89,98.63,36662.03,44,192,0.37,0,
101.74,98.75,36770.32,44,191,0.38,0,
101.93,98.94,36338.45,44,192,0.38,0,
101.52,98.78,36662.03,44,192,0.39,0,
101.74,98.78,33972.28,44,192,0.37,0,
101.89,99.02,36770.32,44,191,0.4,0,
101.74,98.86,37096.48,44,191,0.37,0,
102.04,98.71,36392.25,44,192,0.36,0,
101.89,98.59,36607.97,44,192,0.37,0,
101.96,98.32,35379.17,44,192,0.36,0,
101.67,98.75,36662.03,44,192,0.37,0,
101.67,98.86,36662.03,44,191,0.38,0,
101.93,98.75,36500,44,192,0.39,0,
101.93,98.63,36987.54,44,192,0.38,0,
101.63,98.55,36446.1,44,191,0.38,0,
101.78,99.17,36123.79,44,191,0.38,0,
101.89,99.17,35909.98,44,192,0.37,0,
102,98.63,36446.1,44,192,0.39,0,
101.89,98.67,33818.3,44,192,0.36,0,
101.74,98.78,36123.79,44,192,0.36,0,
101.74,98.86,40812.83,44,191,0.38,0,
101.96,98.55,36123.79,44,192,0.38,0,
102,98.75,36177.37,45,192,0.38,0,
102.04,98.24,35484.91,44,192,0.35,0,
101.93,98.32,36553.96,44,192,0.36,0,
101.63,98.86,36662.03,45,192,0.38,0,
101.81,98.82,36500,45,192,0.37,0,
101.96,98.71,36553.96,45,192,0.35,0,
101.85,98.63,37096.48,45,192,0.37,0,
102.04,98.24,36716.15,45,192,0.38,0,
102,99.17,36392.25,45,192,0.38,0,
101.74,98.86,36987.54,45,192,0.37,0,
101.96,98.86,50905.83,45,191,0.37,0,
101.85,98.86,36607.97,45,192,0.35,0,
101.78,98.94,36716.15,45,191,0.39,0,
102,99.21,36123.79,45,192,0.39,0,
102,99.02,36446.1,45,192,0.37,0,
102.04,98.32,36446.1,45,192,0.37,0,
101.67,99.02,37424.55,45,192,0.39,0,
101.74,98.82,36553.96,45,191,0.37,0,
101.93,98.98,36553.96,45,191,0.39,0,
101.96,99.02,36338.45,45,192,0.38,0,
101.67,98.78,36770.32,45,191,0.39,0,
102.04,98.32,36553.96,45,192,0.37,0,
102,98.75,36553.96,45,191,0.38,0,
101.89,98.71,37096.48,45,192,0.37,0,
101.85,98.86,36553.96,45,192,0.38,0,
102.04,98.9,36392.25,45,191,0.36,0,
101.67,98.82,37205.62,45,192,0.38,0,
102.15,98.71,36446.1,45,191,0.36,0,
101.63,99.17,37260.28,45,192,0.39,0,
102.04,99.02,36716.15,45,192,0.38,0,
101.93,98.9,36662.03,45,192,0.38,0,
102.04,98.78,36987.54,45,192,0.37,0,
101.81,98.94,36553.96,45,192,0.39,0,
102.04,99.02,36662.03,45,192,0.36,0,
101.89,98.94,36987.54,45,192,0.39,0,
101.93,98.75,34749.16,46,192,0.39,0,
102.04,98.94,36231.02,45,192,0.38,0,
102.04,99.21,37314.98,45,192,0.39,0,
102.07,98.55,35379.17,46,192,0.39,0,
101.93,98.67,37205.62,46,192,0.35,0,
101.81,99.21,35379.17,46,192,0.37,0,
101.96,98.67,37096.48,46,192,0.36,0,
101.96,98.98,36662.03,46,192,0.38,0,
101.89,98.86,36770.32,46,192,0.36,0,
101.96,98.78,36770.32,46,192,0.37,0,
101.81,99.02,38142.05,46,192,0.37,0,
101.59,99.02,36987.54,46,192,0.37,0,
101.78,98.82,37205.62,46,192,0.37,0,
101.89,98.86,37314.98,46,192,0.39,0,
101.89,98.94,36662.03,46,192,0.36,0,
101.93,99.02,36716.15,46,192,0.37,0,
102.18,98.55,37096.48,46,192,0.37,0,
101.59,98.9,34023.71,46,192,0.39,0,
102.18,98.55,37479.43,46,192,0.38,0,
101.78,99.25,36284.7,46,192,0.35,0,
101.96,99.17,36607.97,46,192,0.37,0,
102.04,98.86,36662.03,46,192,0.37,0,
101.22,98.59,36716.15,46,192,0.37,0,
101.93,98.51,37260.28,46,192,0.38,0,
102.18,98.63,37205.62,46,192,0.38,0,
101.81,98.78,37314.98,46,192,0.38,0,
101.93,98.86,36987.54,46,192,0.38,0,
101.74,98.94,36987.54,46,192,0.37,0,
101.74,99.05,37260.28,46,192,0.37,0,
102.18,99.21,37205.62,46,191,0.38,0,
102.04,99.21,36338.45,46,192,0.38,0,
102.04,99.17,38308.93,46,192,0.39,0,
101.85,99.02,36987.54,46,194,0.38,0,
101.96,99.17,34853.64,46,194,0.38,0,
102.04,99.25,35750.18,46,194,0.38,0,
102.04,98.59,37096.48,46,194,0.38,0,
102.18,98.94,33818.3,46,194,0.37,0,
101.52,99.02,36123.79,46,194,0.38,0,
102.15,99.32,36177.37,47,193,0.39,0,
102.18,98.86,37205.62,46,194,0.36,0,
101.93,99.17,36607.97,46,194,0.37,0,
101.78,99.02,37424.55,47,194,0.37,0,
101.74,99.17,37314.98,47,194,0.36,0,
101.67,98.86,37205.62,47,194,0.37,0,
102.04,98.86,37424.55,47,194,0.37,0,
101.93,99.02,37534.35,47,194,0.37,0,
102.04,98.86,37534.35,47,194,0.37,0,
102.04,99.36,37205.62,47,194,0.39,0,
102.18,99.48,36123.79,47,194,0.37,0,
102.18,99.51,33308.46,47,194,0.37,0,
101.96,98.94,37424.55,47,194,0.38,0,
101.85,99.02,37314.98,47,194,0.35,0,
101.81,98.94,36770.32,47,194,0.37,0,
101.74,99.02,30740,47,194,0.37,0,
102.18,98.71,36500,47,194,0.38,0,
102.22,99.28,36446.1,47,194,0.39,0,
102.04,99.13,36607.97,47,194,0.37,0,
101.96,99.02,37096.48,47,194,0.38,0,
102,99.25,36500,47,194,0.38,0,
101.74,98.94,37644.36,47,194,0.39,0,
102.18,99.4,36231.02,47,194,0.36,0,
102.07,98.86,37151.02,47,194,0.39,0,
101.93,99.02,36770.32,47,194,0.39,0,
101.89,99.02,37865.01,47,194,0.37,0,
101.89,98.63,36662.03,47,194,0.4,0,
101.67,98.94,37205.62,47,194,0.38,0,
102.18,99.4,37205.62,47,194,0.37,0,
101.96,99.17,37096.48,47,194,0.37,0,
101.93,99.17,36987.54,47,194,0.39,0,
102.04,98.86,37096.48,47,194,0.38,0,
101.93,98.63,36446.1,47,194,0.37,0,
101.74,99.4,37151.02,47,194,0.37,0,
101.96,99.02,37151.02,47,194,0.38,0,
101.78,99.17,37314.98,48,194,0.37,0,
101.52,99.36,39094.12,48,194,0.4,0,
101.81,99.17,37314.98,48,194,0.39,0,
102.04,99.02,36987.54,48,194,0.38,0,
102.18,98.59,37096.48,48,194,0.38,0,
102.18,98.59,37644.36,48,194,0.38,0,
102.04,98.94,37096.48,48,194,0.37,0,
102.18,98.9,36770.32,48,194,0.38,0,
102.18,99.4,37589.32,48,194,0.37,0,
102.04,98.94,37424.55,48,194,0.4,0,
101.96,99.05,36770.32,48,194,0.38,0,
102.18,99.17,36231.02,48,194,0.38,0,
101.74,99.48,36231.02,48,194,0.4,0,
102.04,99.17,37260.28,48,194,0.36,0,
101.89,99.25,32904.3,48,194,0.38,0,
101.63,98.86,37205.62,48,194,0.37,0,
101.93,99.17,37369.75,48,194,0.38,0,
102.04,99.02,37041.98,48,194,0.37,0,
102.04,99.48,36987.54,48,194,0.38,0,
102.18,98.71,37424.55,48,194,0.39,0,
102.18,98.71,37205.62,48,194,0.4,0,
101.96,99.21,37205.62,48,194,0.38,0,
102.04,99.17,36662.03,48,194,0.38,0,
102.04,98.63,37424.55,48,194,0.39,0,
102.04,99.02,37369.75,48,194,0.39,0,
102,99.25,37151.02,48,194,0.4,0,
102.04,98.86,37205.62,48,194,0.36,0,
102.15,99.48,36446.1,48,194,0.4,0,
102.04,99.48,36662.03,48,194,0.38,0,
102,99.17,37096.48,48,194,0.38,0,
102,99.02,40465.13,48,194,0.38,0,
101.74,99.48,37644.36,48,194,0.38,0,
102.18,99.63,36500,48,194,0.39,0,
102.18,99.4,37644.36,48,194,0.37,0,
102.04,99.25,38308.93,48,194,0.37,0,
101.81,99.32,37479.43,48,194,0.38,0,
102.04,98.75,37314.98,48,194,0.39,0,
101.78,99.28,37314.98,48,194,0.38,0,
101.96,99.21,37151.02,48,194,0.37,0,
102.04,98.94,37260.28,48,194,0.36,0,
101.89,99.4,37479.43,49,194,0.38,0,
102.18,99.48,37041.98,49,194,0.39,0,
101.96,99.28,36231.02,49,194,0.39,0,
102.04,99.25,38420.45,49,194,0.39,0,
101.85,99.48,37865.01,49,194,0.38,0,
102.18,99.48,36392.25,49,194,0.38,0,
102.18,99.25,37975.66,49,194,0.38,0,
101.74,99.4,37534.35,49,194,0.39,0,
102.07,99.51,36500,49,194,0.43,0,
102,99.51,36338.45,49,194,0.37,0,
102.04,99.36,37314.98,49,194,0.38,0,
101.96,99.25,39037.69,49,194,0.37,0,
101.67,99.17,37534.35,49,194,0.4,0,
102.18,98.63,38197.62,49,194,0.36,0,
101.85,99.32,36987.54,49,194,0.37,0,
101.85,99.32,37369.75,49,194,0.37,0,
101.67,99.25,36177.37,49,194,0.37,0,
101.93,99.55,37424.55,49,194,0.38,0,
101.78,98.71,37424.55,49,194,0.39,0,
102,99.21,37314.98,49,194,0.39,0,
101.89,99.32,37314.98,49,194,0.37,0,
101.93,98.9,37534.35,49,194,0.39,0,
102.26,98.78,36123.79,49,194,0.38,0,
102.18,99.32,36770.32,49,194,0.38,0,
102.04,99.4,37205.62,49,194,0.38,0,
101.96,99.17,37205.62,49,194,0.38,0,
102.26,99.02,36662.03,49,194,0.39,0,
101.67,99.48,37920.31,49,194,0.39,0,
102.04,99.48,36607.97,49,194,0.37,0,
101.93,99.25,37424.55,49,194,0.41,0,
101.81,99.51,37041.98,49,194,0.38,0,
102.18,99.32,36446.1,49,194,0.38,0,
101.96,99.55,37865.01,49,194,0.39,0,
101.67,99.36,37041.98,49,194,0.39,0,
102.18,98.9,37479.43,49,194,0.39,0,
102,99.63,36607.97,49,194,0.37,0,
101.67,99.36,37424.55,49,194,0.36,0,
101.89,99.36,37260.28,49,194,0.38,0,
102.04,99.25,36987.54,49,194,0.38,0,
101.81,99.4,37260.28,49,194,0.37,0,
101.96,99.36,37205.62,49,194,0.39,0,
101.7,99.17,36662.03,49,194,0.37,0,
102,99.17,37314.98,49,194,0.36,0,
101.89,99.36,37424.55,49,194,0.41,0,
101.93,98.94,37424.55,49,194,0.39,0,
102.07,99.78,36446.1,49,194,0.38,0,
102.04,98.98,37589.32,50,194,0.39,0,
101.96,99.32,37205.62,49,194,0.39,0,
101.96,99.02,37424.55,50,194,0.38,0,
102.04,98.9,37975.66,49,194,0.38,0,
102.04,99.55,37865.01,50,194,0.39,0,
102.18,99.32,37205.62,50,194,0.4,0,
101.96,99.21,37314.98,50,194,0.38,0,
101.89,99.25,37205.62,50,194,0.39,0,
102.04,99.17,36607.97,50,194,0.37,0,
101.93,99.55,37975.66,50,194,0.39,0,
102.26,98.94,37151.02,50,194,0.37,0,
102.04,99.55,37205.62,50,194,0.39,0,
102.04,99.21,37644.36,50,194,0.39,0,
102.04,99.4,37314.98,50,194,0.37,0,
101.89,99.48,37314.98,50,194,0.37,0,
102.04,99.63,37534.35,50,194,0.39,0,
102.18,99.32,36553.96,50,194,0.36,0,
102.07,98.86,38086.54,50,194,0.38,0,
102.04,98.78,37644.36,50,194,0.39,0,
101.59,99.55,37644.36,50,194,0.39,0,
101.78,99.48,38086.54,50,194,0.38,0,
101.89,99.48,37096.48,50,194,0.39,0,
101.96,99.36,37975.66,50,194,0.39,0,
101.81,99.48,37424.55,50,194,0.38,0,
101.85,99.17,37534.35,50,194,0.39,0,
101.74,99.36,37865.01,50,194,0.39,0,
102.07,99.78,36446.1,50,194,0.38,0,
102.15,99.78,36446.1,50,194,0.37,0,
101.89,99.4,37314.98,50,194,0.37,0,
102.04,98.98,37534.35,50,194,0.4,0,
101.89,99.4,37479.43,50,194,0.39,0,
101.85,99.02,36987.54,50,194,0.38,0,
102.18,99.78,37205.62,50,194,0.4,0,
101.81,99.4,36824.54,50,194,0.41,0,
101.89,99.4,37424.55,50,194,0.38,0,
101.81,99.55,37424.55,50,194,0.39,0,
102.22,99.78,36338.45,50,194,0.39,0,
102.04,99.86,37151.02,50,194,0.37,0,
101.89,99.55,37314.98,50,194,0.39,0,
102,99.4,37314.98,50,194,0.38,0,
102.04,99.55,38031.07,50,194,0.39,0,
101.85,99.48,35856.66,50,194,0.37,0,
101.74,99.51,37644.36,50,194,0.38,0,
102.04,99.4,37424.55,51,194,0.38,0,
102.04,99.55,37424.55,50,194,0.37,0,
102.18,99.36,36987.54,51,194,0.38,0,
102.18,99.55,37205.62,51,194,0.37,0,
102.04,99.63,36987.54,51,194,0.38,0,
101.55,98.94,36987.54,51,194,0.36,0,
102.04,99.32,37205.62,51,194,0.37,0,
101.74,99.02,36177.37,51,194,0.37,0,
101.74,99.55,37644.36,51,194,0.37,0,
102.04,99.82,36446.1,51,194,0.36,0,
101.89,99.32,37041.98,51,194,0.37,0,
102,99.36,37424.55,51,194,0.37,0,
102.07,99.32,37151.02,51,194,0.37,0,
101.74,99.36,36662.03,51,194,0.36,0,
102.18,98.86,37644.36,51,194,0.39,0,
102.04,99.4,36338.45,51,194,0.39,0,
101.96,99.4,37096.48,51,195,0.37,0,
101.89,99.25,36607.97,51,195,0.39,0,
102.22,99.55,37205.62,51,194,0.38,0,
101.7,99.25,35803.39,51,195,0.36,0,
102.18,99.02,37920.31,51,195,0.38,0,
101.96,99.32,37314.98,51,196,0.4,0,
102.07,99.55,37424.55,51,195,0.38,0,
102.15,99.02,36553.96,51,196,0.38,0,
101.74,99.55,38142.05,51,196,0.36,0,
102.22,98.94,37865.01,51,195,0.38,0,
102.04,99.63,37205.62,51,196,0.38,0,
101.96,99.55,37865.01,51,196,0.38,0,
102,99.4,38868.7,51,195,0.37,0,
102.18,99.78,36770.32,51,196,0.37,0,
102.29,99.97,36338.45,51,195,0.39,0,
102.26,99.44,37865.01,51,196,0.39,0,
101.81,99.55,37205.62,51,195,0.37,0,
102,99.48,37369.75,51,195,0.38,0,
102.04,99.63,37096.48,51,195,0.39,0,
101.74,99.48,38142.05,51,195,0.38,0,
101.81,99.63,37534.35,51,195,0.37,0,
101.93,98.94,37865.01,51,195,0.39,0,
101.14,98.75,36770.32,51,195,0.4,0,
102.22,99.32,37205.62,51,195,0.39,0,
101.96,99.4,37479.43,51,196,0.38,0,
101.81,99.51,37644.36,51,195,0.38,0,
102.22,99.93,36987.54,51,196,0.38,0,
102.22,98.94,37920.31,51,195,0.38,0,
102.22,99.48,37809.77,51,195,0.37,0,
102,99.44,37865.01,52,195,0.37,0,
102.04,99.25,34437,52,195,0.37,0,
102.22,99.97,37589.32,52,195,0.4,0,
101.96,99.86,36392.25,52,195,0.4,0,
101.93,99.78,37205.62,52,195,0.37,0,
102.04,99.48,37096.48,52,195,0.37,0,
101.93,99.55,37314.98,52,195,0.39,0,
102.07,99.02,37424.55,52,195,0.38,0,
102.15,99.21,36662.03,52,195,0.38,0,
102.26,98.9,37865.01,52,195,0.4,0,
102.07,99.02,37424.55,52,195,0.38,0,
101.96,99.36,37314.98,52,195,0.37,0,
102.04,99.55,37644.36,52,195,0.37,0,
102.26,99.78,39775.68,52,195,0.38,0,
102.04,99.86,37424.55,52,195,0.39,0,
102.18,99.25,38142.05,52,195,0.39,0,
102,99.55,38308.93,52,196,0.39,0,
102.04,99.55,37369.75,52,195,0.39,0,
101.7,99.25,37424.55,52,196,0.39,0,
101.67,99.78,37975.66,52,196,0.4,0,
102.04,99.48,36392.25,52,195,0.39,0,
101.96,99.63,36446.1,52,196,0.39,0,
102.04,99.36,37644.36,52,195,0.4,0,
101.96,99.48,38086.54,52,196,0.4,0,
101.93,99.25,37314.98,52,196,0.4,0,
102.18,99.28,37096.48,52,195,0.39,0,
101.63,99.78,37424.55,52,195,0.4,0,
101.85,99.59,37589.32,52,195,0.4,0,
101.96,99.48,37534.35,52,195,0.39,0,
102,99.32,37424.55,52,195,0.38,0,
101.96,99.4,37975.66,52,195,0.39,0,
102.18,99.32,37699.44,52,195,0.38,0,
101.81,99.63,38086.54,52,195,0.38,0,
102,99.25,38086.54,52,195,0.38,0,
102.26,99.32,37754.57,52,195,0.4,0,
101.63,99.78,39094.12,52,195,0.39,0,
102.18,99.93,37314.98,52,195,0.38,0,
101.89,98.82,36770.32,52,195,0.39,0,
102,99.55,37479.43,52,195,0.39,0,
102,99.51,37424.55,52,196,0.38,0,
102.04,99.55,37424.55,52,195,0.38,0,
102.22,99.17,38086.54,52,195,0.39,0,
102.18,99.86,36553.96,52,195,0.39,0,
102.04,99.32,36338.45,52,195,0.38,0,
102.07,99.86,37314.98,52,195,0.39,0,
102.18,99.78,37424.55,52,195,0.38,0,
101.93,99.63,36716.15,52,195,0.38,0,
102,99.63,37369.75,52,195,0.37,0,
101.93,99.48,37975.66,52,195,0.37,0,
101.85,99.32,37920.31,52,195,0.41,0,
101.96,99.82,37589.32,52,195,0.39,0,
102.18,99.86,38420.45,52,195,0.37,0,
102.07,98.94,37314.98,52,195,0.37,0,
102.22,99.86,35803.39,53,195,0.37,0,
101.85,99.78,37260.28,53,195,0.39,0,
102.04,99.63,38086.54,53,195,0.37,0,
102,99.63,37424.55,53,195,0.38,0,
101.96,99.55,37479.43,53,195,0.39,0,
102.04,99.17,37534.35,53,195,0.39,0,
101.59,99.86,37975.66,53,195,0.38,0,
101.7,99.74,38197.62,53,195,0.38,0,
101.96,99.78,37699.44,53,195,0.37,0,
101.74,99.63,37975.66,53,195,0.38,0,
101.93,99.55,37534.35,53,195,0.38,0,
102.07,99.63,37205.62,53,195,0.37,0,
101.78,99.32,38031.07,53,195,0.38,0,
101.96,99.63,37260.28,53,195,0.39,0,
102.18,99.02,37644.36,53,195,0.41,0,
102.18,99.05,37975.66,53,195,0.38,0,
101.96,99.4,37865.01,53,195,0.38,0,
101.96,99.55,37754.57,53,195,0.39,0,
102.18,99.86,37096.48,53,196,0.39,0,
101.67,99.55,37920.31,53,195,0.4,0,
102.18,99.17,41749.81,53,195,0.37,0,
101.89,99.63,40004.61,53,195,0.37,0,
101.96,99.32,36662.03,53,195,0.4,0,
101.89,99.4,39433.92,53,195,0.4,0,
102.04,99.86,37865.01,53,195,0.38,0,
102.18,99.9,37096.48,53,195,0.38,0,
101.93,99.78,37314.98,53,195,0.38,0,
102,99.55,37644.36,53,195,0.38,0,
102.18,99.51,37534.35,53,196,0.39,0,
101.81,99.32,38086.54,53,195,0.37,0,
102.15,100.01,31223.25,53,195,0.38,0,
101.93,99.48,37534.35,53,195,0.39,0,
101.93,99.55,37589.32,53,195,0.38,0,
101.93,99.4,36231.02,53,195,0.4,0,
102.22,99.93,37096.48,53,196,0.38,0,
102.22,100.01,36500,53,195,0.38,0,
102.04,99.02,20117.76,53,196,0.39,0,
102.04,99.63,37589.32,53,196,0.38,0,
101.96,99.59,37920.31,53,196,0.38,0,
102.04,99.4,38142.05,53,195,0.38,0,
101.74,99.48,39094.12,53,196,0.39,0,
101.74,99.86,38086.54,53,196,0.39,0,
102.18,98.98,37809.77,53,196,0.4,0,
101.81,99.78,37424.55,53,196,0.39,0,
101.96,99.63,37644.36,53,196,0.38,0,
102.04,99.32,37975.66,53,196,0.4,0,
101.89,99.78,39094.12,53,196,0.38,0,
101.74,99.48,37205.62,53,196,0.38,0,
101.63,99.86,37424.55,53,196,0.38,0,
102.04,99.21,37865.01,53,196,0.38,0,
101.96,99.36,38308.93,53,196,0.39,0,
102.04,99.55,37534.35,53,196,0.38,0,
102.04,99.32,37644.36,54,195,0.4,0,
102.22,100.01,37644.36,53,196,0.39,0,
102.18,99.02,37589.32,53,196,0.37,0,
101.85,99.63,38197.62,53,195,0.39,0,
102.04,99.4,39207.17,53,193,0.4,0,
101.96,99.74,37534.35,53,193,0.38,0,
101.93,99.63,37534.35,53,193,0.39,0,
102.07,99.48,37205.62,53,193,0.39,0,
102.18,98.98,37424.55,53,193,0.37,0,
101.59,99.63,38086.54,53,194,0.38,0,
102.04,100.01,37096.48,53,196,0.39,0,
101.85,99.67,37920.31,53,195,0.39,0,
101.81,99.48,38197.62,54,196,0.39,0,
101.96,99.93,37205.62,54,195,0.39,0,
101.96,99.51,37975.66,54,195,0.39,0,
101.96,99.63,37809.77,54,196,0.39,0,
101.96,99.48,37865.01,54,195,0.37,0,
101.81,99.78,37865.01,54,195,0.39,0,
101.93,99.82,38364.66,54,196,0.37,0,
101.33,98.78,36338.45,54,195,0.37,0,
102.07,100.09,37205.62,54,196,0.38,0,
101.93,100.01,36553.96,54,196,0.37,0,
101.96,99.86,36987.54,54,195,0.38,0,
101.78,99.86,37699.44,54,196,0.37,0,
102.33,99.9,37314.98,54,196,0.38,0,
101.96,99.97,37260.28,54,196,0.4,0,
101.89,99.63,37865.01,54,196,0.4,0,
101.93,99.78,37920.31,54,196,0.38,0,
101.93,99.55,38308.93,54,196,0.39,0,
101.85,99.78,38031.07,54,196,0.39,0,
102,99.51,38086.54,54,196,0.39,0,
102.04,99.86,37205.62,54,196,0.38,0,
101.93,99.93,38031.07,54,195,0.4,0,
102.22,99.17,38308.93,54,195,0.38,0,
101.63,99.78,37589.32,54,196,0.38,0,
101.67,99.63,37699.44,54,195,0.38,0,
102.18,99.17,37920.31,54,195,0.38,0,
101.96,99.86,36716.15,54,195,0.37,0,
102,99.82,37534.35,54,195,0.39,0,
101.93,99.63,37534.35,54,196,0.38,0,
102.04,99.48,37865.01,54,196,0.39,0,
101.85,99.78,35803.39,54,196,0.39,0,
101.7,99.78,38197.62,54,196,0.38,0,
102.22,99.21,37865.01,54,195,0.38,0,
102.26,100.16,36607.97,54,195,0.4,0,
102.07,100.09,36716.15,54,195,0.4,0,
102.18,99.02,37644.36,54,195,0.38,0,
102.04,99.02,37865.01,54,195,0.4,0,
101.96,99.63,38086.54,54,196,0.39,0,
101.74,99.82,37424.55,54,195,0.38,0,
101.89,99.59,37975.66,54,195,0.37,0,
101.78,99.78,37314.98,54,195,0.38,0,
102.04,99.55,37920.31,54,196,0.39,0,
102.04,99.74,37975.66,54,196,0.39,0,
102.04,99.78,37865.01,54,195,0.4,0,
101.96,99.67,37534.35,54,195,0.37,0,
102.04,99.63,37865.01,54,195,0.36,0,
102,99.63,37534.35,54,195,0.4,0,
101.96,99.78,37975.66,54,195,0.36,0,
101.93,99.78,37534.35,54,195,0.38,0,
101.89,99.63,38031.07,54,195,0.39,0,
101.89,99.82,37424.55,54,196,0.37,0,
101.89,99.86,38086.54,54,195,0.38,0,
102.04,99.78,37096.48,54,195,0.39,0,
102.04,99.97,37260.28,54,195,0.4,0,
102.18,99.25,38197.62,54,195,0.38,0,
101.96,99.93,37644.36,54,194,0.39,0,
102.04,99.4,35803.39,54,194,0.39,0,
101.89,99.82,36987.54,54,194,0.39,0,
102.18,99.32,37424.55,54,194,0.38,0,
102.07,99.25,37314.98,54,194,0.38,0,
102.22,99.78,36770.32,54,194,0.39,0,
102.26,99.4,37644.36,54,194,0.39,0,
102.22,100.01,37260.28,54,194,0.39,0,
102.04,99.93,40580.81,54,195,0.4,0,
101.96,99.63,33767.09,54,195,0.4,0,
101.96,99.78,37699.44,54,195,0.38,0,
101.81,99.82,37920.31,54,196,0.39,0,
101.81,99.78,38086.54,54,195,0.39,0,
101.89,99.32,38364.66,54,196,0.38,0,
101.59,99.86,37865.01,54,195,0.39,0,
102.22,99.4,37865.01,54,195,0.37,0,
102.15,99.9,37205.62,55,195,0.39,0,
102.18,99.32,37424.55,55,195,0.39,0,
102.04,99.36,37865.01,55,195,0.37,0,
101.96,99.86,37424.55,55,195,0.4,0,
102.04,99.63,37644.36,55,195,0.37,0,
101.96,99.78,37534.35,55,195,0.38,0,
102.04,99.86,37479.43,55,195,0.37,0,
102.04,99.25,38476.29,55,195,0.39,0,
101.59,99.78,37534.35,55,195,0.36,0,
102.04,100.05,37424.55,55,195,0.4,0,
102.04,99.17,37644.36,55,195,0.39,0,
102.18,99.51,37314.98,55,194,0.38,0,
101.7,99.48,37865.01,55,194,0.39,0,
102.18,99.51,37644.36,56,195,0.38,0,
101.74,99.78,37865.01,56,194,0.4,0,
101.96,99.93,37975.66,56,194,0.38,0,
102,99.93,37205.62,56,194,0.4,0,
101.96,99.59,37479.43,56,194,0.39,0,
101.89,99.82,37424.55,56,194,0.37,0,
102.04,99.63,37644.36,56,194,0.38,0,
102.18,99.63,37205.62,56,194,0.39,0,
101.89,99.86,34023.71,56,194,0.39,0,
101.78,99.93,37589.32,56,194,0.38,0,
102.37,100.12,37644.36,56,194,0.39,0,
102.41,99.78,37041.98,56,194,0.38,0,
102.48,99.32,37975.66,56,194,0.4,0,
102.48,100.54,37975.66,56,194,0.4,0,
102.52,100.54,35063.23,56,194,0.38,0,
102.63,100.46,37424.55,57,194,0.4,0,
102.96,100.24,37424.55,57,194,0.39,0,
102.99,100.92,37314.98,57,194,0.38,0,
102.92,101.18,36553.96,57,194,0.39,0,
103.1,101.37,37644.36,57,194,0.38,0,
103.36,101.81,37865.01,57,194,0.39,0,
103.57,101.85,37644.36,57,194,0.39,0,
103.72,102.33,37369.75,58,193,0.4,0,
104.08,102.37,37534.35,58,193,0.38,0,
104.15,102.85,37424.55,58,193,0.39,0,
104.37,103.14,37314.98,58,193,0.38,0,
104.69,103.21,37865.01,59,193,0.39,0,
104.58,104.08,38420.45,59,193,0.38,0,
104.65,104.79,37424.55,59,193,0.39,0,
105.64,104.58,37534.35,59,193,0.39,0,
105.5,105.64,37865.01,60,193,0.39,0,
105.92,105.95,37589.32,60,193,0.37,0,
106.34,106.55,37314.98,60,193,0.38,0,
106.55,107.37,37369.75,61,193,0.39,0,
106.89,108.01,37205.62,61,193,0.38,0,
107.51,107.98,37205.62,61,193,0.41,0,
107.57,109.02,37589.32,61,193,0.39,0,
108.45,109.78,36987.54,62,192,0.39,0,
109.09,109.98,38197.62,62,192,0.38,0,
109.72,110.01,40812.83,63,192,0.4,0,
110.04,110.18,36987.54,63,192,0.39,0,
110.76,111.73,35379.17,64,192,0.4,0,
111.73,112.21,37205.62,64,192,0.39,0,
112.6,112.69,37479.43,65,192,0.39,0,
113.39,113.17,37314.98,65,192,0.39,0,
114.12,113.9,37424.55,66,192,0.4,0,
115.22,114.47,37205.62,66,192,0.39,0,
115.92,115.1,36770.32,67,191,0.38,0,
116.9,115.1,37865.01,67,191,0.4,0,
117.73,116.3,38981.3,68,192,0.39,0,
118.73,116.17,39775.68,69,192,0.39,0,
119.39,117.51,37096.48,70,191,0.37,0,
119.99,117.89,37096.48,70,191,0.38,0,
121.14,117.89,35590.86,71,191,0.37,0,
122.12,118.6,38532.18,72,191,0.38,0,
122.84,119.39,37369.75,73,191,0.36,0,
123.88,119.92,37644.36,74,191,0.38,0,
124.88,120.8,37096.48,75,191,0.39,0,
126.17,120.97,38031.07,76,191,0.37,0,
126.88,122.05,36770.32,78,190,0.39,0,
127.93,122.77,37205.62,79,190,0.39,0,
129.16,123.47,36987.54,80,190,0.39,0,
129.97,123.95,36716.15,82,190,0.39,0,
131.58,124.88,37205.62,83,190,0.39,0,
132.21,125.15,37975.66,85,190,0.38,0,
133.92,125.76,37699.44,87,190,0.39,0,
135.27,126.5,34905.95,89,190,0.38,0,
136.38,127.01,37534.35,91,190,0.39,0,
138,127.84,37041.98,93,190,0.39,0,
139.36,128.24,37534.35,96,190,0.39,0,
140.73,129.25,37314.98,98,190,0.4,0,
142.46,130.21,36231.02,101,190,0.39,0,
143.97,131.11,37041.98,104,190,0.38,0,
145.81,131.63,37534.35,107,189,0.38,0,
147.48,132.59,36662.03,110,189,0.39,0,
149.33,133.98,36987.54,113,189,0.39,0,
150,134.38,34853.64,116,189,0.38,0,
151.37,135.39,32403.74,119,189,0.38,0,
153.74,137.01,35432.02,122,189,0.38,0,
158.19,136.13,37975.66,126,189,0.4,0,
161.7,138,37369.75,128,189,0.38,0,
162.97,139.79,37205.62,132,189,0.4,0,
164.81,140.07,37314.98,135,188,0.41,0,
166.98,141.54,37479.43,138,189,0.39,0,
169.39,142.46,37534.35,141,189,0.38,0,
171.74,143.17,37644.36,143,189,0.38,0,
174.51,143.81,37534.35,146,189,0.37,0,
173.88,145.81,38142.05,150,189,0.39,0,
181.1,145.9,36770.32,152,189,0.4,0,
190.85,147.85,37205.62,155,189,0.39,0,
170.26,144.22,34958.33,105,58,0.38,0,
23.92,21.68,-43.41,13,1,0.52,1,20%
24.02,23.82,-43.41,13,1,0.52,1,20%
24.51,23.92,-43.41,14,100,0.5,1,20%
24.7,20.83,-43.41,14,120,0.5,1,20%
23.92,23.92,-43.41,15,147,0.5,1,20%
23.92,24.8,-43.41,15,132,0.5,1,20%
24.12,24.51,-43.41,15,20,0.5,1,20%
24.02,24.31,-43.41,15,39,0.5,1,20%
23.92,23.52,-43.41,15,38,0.5,1,20%
24.21,21.68,-43.41,15,37,0.5,1,20%
24.12,23.62,-43.41,15,36,0.48,1,20%
24.12,24.12,-43.41,15,35,0.5,1,20%
24.89,24.7,-43.41,15,33,0.5,1,20%
24.12,23.92,-43.41,15,32,0.49,1,20%
24.31,22.92,-43.41,14,31,0.5,1,20%
24.21,22.3,-43.41,14,30,0.49,1,20%
24.41,23.12,-43.41,14,29,0.5,1,20%
24.51,24.02,-43.41,14,28,0.5,1,20%
24.6,24.31,-43.41,14,27,0.49,1,20%
24.89,25.18,-43.41,14,27,0.51,1,20%
24.7,23.12,-43.41,14,27,0.49,1,20%
25.18,23.02,-43.41,14,27,0.49,1,20%
25.28,23.72,-43.41,14,27,0.49,1,20%
25.28,23.92,-43.41,14,27,0.5,1,20%
25.65,24.31,-43.41,14,26,0.5,1,20%
25.84,24.89,-43.41,14,26,0.5,1,20%
26.03,23.92,-43.41,14,26,0.5,1,20%
25.75,22.92,-43.41,14,26,0.49,1,20%
26.3,23.32,-43.41,14,26,0.48,1,20%
26.67,25.56,-43.41,14,26,0.49,1,20%
26.76,24.21,-43.41,14,26,0.49,1,20%
27.12,24.02,-43.41,14,25,0.49,1,20%
27.21,23.72,-43.41,14,25,0.47,1,20%
27.74,24.21,-43.41,14,25,0.49,1,20%
27.74,25.46,-43.41,14,26,0.5,1,20%
27.74,26.4,-43.41,14,26,0.49,1,20%
28.44,26.21,-43.41,14,26,0.48,1,20%
28.86,24.7,-43.41,14,26,0.49,1,20%
28.86,26.4,-43.41,14,26,0.5,1,20%
29.03,27.12,-43.41,14,27,0.47,1,20%
29.2,26.94,-43.41,14,26,0.48,1,20%
29.7,25.84,-43.41,14,26,0.5,1,20%
29.86,26.03,-43.41,14,26,0.49,1,20%
30.19,26.21,-43.41,14,26,0.49,1,20%
30.35,27.48,-43.41,14,26,0.49,1,20%
30.98,25.65,-43.41,14,26,0.48,1,20%
30.98,26.03,-43.41,14,26,0.48,1,20%
31.14,26.76,-43.41,14,25,0.49,1,20%
31.29,27.12,-43.41,14,25,0.48,1,20%
31.45,28.69,-43.41,14,26,0.49,1,20%
31.76,29.12,-43.41,14,25,0.47,1,20%
32.28,29.37,-43.41,14,26,0.48,1,20%
32.51,28.69,-43.41,14,26,0.49,1,20%
32.65,27.39,-43.41,14,26,0.5,1,20%
32.87,27.3,-43.41,14,26,0.5,1,20%
33.52,27.65,-43.41,14,27,0.48,1,20%
33.8,29.61,-43.41,14,26,0.49,1,20%
33.8,30.35,-43.41,14,27,0.51,1,20%
33.8,30.19,-43.41,14,26,0.49,1,20%
34.36,27.92,-43.41,14,26,0.49,1,20%
34.63,28.78,-43.41,14,26,0.49,1,20%
23.72,20.83,-43.41,14,109,0.5,1,50%
23.32,21.26,-43.41,14,104,0.5,1,50%
23.82,21.26,-43.41,14,104,0.51,1,50%
22.71,20.83,-43.41,14,104,0.51,1,50%
23.72,20.83,-43.41,15,104,0.5,1,50%
23.12,21.04,-43.41,15,104,0.5,1,50%
23.72,21.68,-43.41,15,103,0.49,1,50%
23.92,21.26,-43.41,15,103,0.5,1,50%
23.82,21.36,-43.41,15,104,0.51,1,50%
24.12,21.68,-43.41,15,103,0.51,1,50%
22.92,20.61,-43.41,15,103,0.49,1,50%
23.22,20.94,-43.41,16,103,0.51,1,50%
24.31,21.26,-43.41,16,103,0.5,1,50%
24.02,21.26,-43.41,16,103,0.49,1,50%
24.51,22.41,-43.41,16,103,0.49,1,50%
25.08,22.41,-43.41,16,103,0.49,1,50%
25.46,22.61,-43.41,16,103,0.5,1,50%
24.41,21.47,-43.41,16,102,0.49,1,50%
25.28,21.57,-43.41,16,103,0.51,1,50%
25.75,22.41,-43.41,16,103,0.49,1,50%
25.46,21.68,-43.41,16,103,0.49,1,50%
25.65,22.2,-43.41,16,103,0.51,1,50%
26.4,23.12,-43.41,16,103,0.5,1,50%
26.76,23.12,-43.41,16,103,0.49,1,50%
27.39,22.82,-43.41,16,103,0.49,1,50%
27.3,23.12,-43.41,16,103,0.5,1,50%
27.65,23.32,-43.41,16,103,0.51,1,50%
28.86,23.82,-43.41,16,103,0.52,1,50%
28.78,23.82,-43.41,17,103,0.52,1,50%
29.2,23.72,-43.41,17,102,0.5,1,50%
30.43,24.89,-43.41,17,102,0.49,1,50%
30.51,24.8,-43.41,17,103,0.5,1,50%
31.06,24.7,-43.41,17,103,0.5,1,50%
31.45,25.75,-43.41,17,104,0.5,1,50%
32.06,25.65,-43.41,17,104,0.5,1,50%
32.8,26.4,-43.41,17,104,0.5,1,50%
33.66,27.12,-43.41,17,104,0.51,1,50%
33.66,26.49,-43.41,17,104,0.51,1,50%
34.63,27.3,-43.41,17,104,0.52,1,50%
35.69,28.52,-43.41,17,103,0.51,1,50%
35.63,27.74,-43.41,17,100,0.51,1,50%
36.45,28.78,-43.41,17,95,0.51,1,50%
36.95,29.03,-43.41,17,91,0.5,1,50%
37.67,29.2,-43.41,17,86,0.51,1,50%
38.47,30.02,-43.41,17,85,0.51,1,50%
38.92,30.43,-43.41,17,85,0.5,1,50%
39.68,30.98,-43.41,17,85,0.51,1,50%
40.35,31.14,-43.41,17,85,0.5,1,50%
40.71,31.45,-43.41,17,85,0.51,1,50%
41.39,32.51,-43.41,17,85,0.5,1,50%
41.96,32.65,-43.41,17,85,0.51,1,50%
42.68,33.8,-43.41,17,85,0.52,1,50%
43.25,33.73,-43.41,17,85,0.51,1,50%
43.96,34.5,-43.41,17,85,0.5,1,50%
44.44,35.04,-43.41,17,85,0.51,1,50%
44.86,35.43,-43.41,17,85,0.52,1,50%
45.46,35.95,-43.41,17,85,0.5,1,50%
46.07,36.08,-43.41,17,85,0.5,1,50%
46.62,36.83,-43.41,18,85,0.51,1,50%
47.08,37.67,-43.41,17,85,0.5,1,50%
47.46,37.9,-43.41,18,85,0.52,1,50%
48.08,38.64,-43.41,18,85,0.5,1,50%
48.43,38.7,-43.41,18,84,0.51,1,50%
49.01,39.41,-43.41,18,85,0.51,1,50%
49.45,39.84,-43.41,18,85,0.5,1,50%
49.88,40.3,-43.41,18,85,0.51,1,50%
50.34,40.95,-43.41,18,85,0.5,1,50%
50.7,41.72,-43.41,18,85,0.5,1,50%
51.28,41.86,-43.41,18,85,0.49,1,50%
51.78,42.14,-43.41,18,85,0.5,1,50%
52.22,42.68,-43.41,18,85,0.51,1,50%
52.5,42.95,-43.41,18,85,0.51,1,50%
52.9,43.25,-43.41,19,85,0.51,1,50%
53.32,43.96,-43.41,19,85,0.5,1,50%
53.63,44.12,-43.41,19,85,0.52,1,50%
54.16,44.82,-43.41,19,85,0.49,1,50%
54.59,45.2,-43.41,19,85,0.49,1,50%
54.96,45.42,-43.41,19,85,0.5,1,50%
55.52,45.93,-43.41,19,85,0.5,1,50%
56,46.38,-43.41,19,85,0.51,1,50%
56.22,46.58,-43.41,19,85,0.51,1,50%
56.58,47.01,-43.41,19,85,0.5,1,50%
57,47.34,-43.41,19,85,0.51,1,50%
57.52,47.68,-43.41,19,85,0.51,1,50%
57.86,47.96,-43.41,19,85,0.5,1,50%
58.63,48.69,-43.41,20,85,0.5,1,50%
